Palavra,Categoria gramatical,Última prática,Grau de confiança
avec,Preposition,2 horas atrás,
rien,Pronoun,2 horas atrás,
plus,Adverb,2 horas atrás,
aimer,Verb,2 horas atrás,
grand,Adjective,2 horas atrás,
cinq,Numeral,2 horas atrás,
être,Verb,2 horas atrás,
cela,Pronoun,2 horas atrás,
vous,Pronoun,2 horas atrás,
partager,Verb,2 horas atrás,
dîner,Verb,2 horas atrás,
pour,Preposition,2 horas atrás,
déjeuner,Noun,2 horas atrás,
il y a,,2 horas atrás,
de,Preposition,2 horas atrás,
une,Determiner,2 horas atrás,
le,Determiner,2 horas atrás,
elle,Pronoun,2 horas atrás,
après,Adverb,2 horas atrás,
ne,Adverb,2 horas atrás,
je,Pronoun,2 horas atrás,
promener,Verb,2 horas atrás,
le,Pronoun,2 horas atrás,
avant,Preposition,2 horas atrás,
nous,Pronoun,2 horas atrás,
et,Conjunction,2 horas atrás,
s',Conjunction,2 horas atrás,
danger,Noun,2 horas atrás,
erreur,Noun,2 horas atrás,
détail,Noun,2 horas atrás,
histoire,Noun,2 horas atrás,
explication,Noun,2 horas atrás,
tradition,Noun,2 horas atrás,
secteur,Noun,2 horas atrás,
n',Adverb,2 horas atrás,
il,Pronoun,2 horas atrás,
pas,Adverb,2 horas atrás,
merci,Interjection,2 horas atrás,
ton,Determiner,2 horas atrás,
votre,Determiner,2 horas atrás,
d',Preposition,2 horas atrás,
des,Preposition,21 horas atrás,
elles,Pronoun,21 horas atrás,
mois,Noun,21 horas atrás,
bienvenue,Noun,21 horas atrás,
d'accord,Adverb,21 horas atrás,
dans,Preposition,21 horas atrás,
mars,Noun,21 horas atrás,
j',Pronoun,21 horas atrás,
l',Determiner,21 horas atrás,
contacter,Verb,21 horas atrás,
lettre,Noun,21 horas atrás,
accompagner,Verb,21 horas atrás,
ça,Pronoun,21 horas atrás,
riz,Noun,21 horas atrás,
qui,Pronoun,21 horas atrás,
adopter,Verb,21 horas atrás,
téléphoner,Verb,21 horas atrás,
à,Preposition,21 horas atrás,
pâtes,Noun,21 horas atrás,
du,Preposition,21 horas atrás,
combien,Adverb,21 horas atrás,
ils,Pronoun,21 horas atrás,
la,Determiner,21 horas atrás,
un,Determiner,21 horas atrás,
ou,Conjunction,21 horas atrás,
t',Pronoun,21 horas atrás,
écrire,Verb,21 horas atrás,
désolé,Adjective,21 horas atrás,
démarrer,Verb,21 horas atrás,
nos,Determiner,21 horas atrás,
terminer,Verb,21 horas atrás,
ses,Determiner,21 horas atrás,
en,Preposition,21 horas atrás,
comme,Conjunction,21 horas atrás,
ma,Determiner,21 horas atrás,
te,Pronoun,21 horas atrás,
moins,Adverb,21 horas atrás,
dépenser,Verb,21 horas atrás,
mission,Noun,21 horas atrás,
missions,Noun,21 horas atrás,
définition,Noun,21 horas atrás,
intention,Noun,21 horas atrás,
utilisation,Noun,21 horas atrás,
soin,Noun,21 horas atrás,
intelligence,Noun,21 horas atrás,
lecture,Noun,21 horas atrás,
choisir,Verb,21 horas atrás,
grande,Adjective,21 horas atrás,
haut,Adverb,21 horas atrás,
cet,Determiner,21 horas atrás,
bien,Adverb,21 horas atrás,
sur,Preposition,21 horas atrás,
se,Pronoun,21 horas atrás,
quatre,Numeral,21 horas atrás,
sa,Determiner,21 horas atrás,
seulement,Adverb,21 horas atrás,
compter,Verb,21 horas atrás,
la,Pronoun,21 horas atrás,
son,Determiner,21 horas atrás,
titre,Noun,2 dias atrás,
traduction,Noun,2 dias atrás,
entretien,Noun,2 dias atrás,
médias,Noun,2 dias atrás,
imprimer,Verb,2 dias atrás,
gros,Adjective,2 dias atrás,
vos,Determiner,2 dias atrás,
internet,Noun,2 dias atrás,
embrasser,Verb,2 dias atrás,
les,Determiner,2 dias atrás,
crier,Verb,2 dias atrás,
pendant,Preposition,2 dias atrás,
tu,Pronoun,2 dias atrás,
contrôler,Verb,2 dias atrás,
casser,Verb,2 dias atrás,
plusieurs,Determiner,2 dias atrás,
hier,Adverb,2 dias atrás,
abandonner,Verb,2 dias atrás,
soutenir,Verb,2 dias atrás,
cheval,Noun,2 dias atrás,
réussir,Verb,2 dias atrás,
souligner,Verb,2 dias atrás,
raconter,Verb,2 dias atrás,
ceci,Pronoun,2 dias atrás,
prévenir,Verb,3 dias atrás,
citer,Verb,3 dias atrás,
comment,Adverb,3 dias atrás,
discuter,Verb,3 dias atrás,
mon,Determiner,3 dias atrás,
quelques,Determiner,3 dias atrás,
transformer,Verb,3 dias atrás,
lui,Pronoun,3 dias atrás,
relever,Verb,3 dias atrás,
lancer,Verb,3 dias atrás,
manquer,Verb,3 dias atrás,
t,Noun,3 dias atrás,
tes,Determiner,3 dias atrás,
preuves,Noun,3 dias atrás,
possibilité,Noun,3 dias atrás,
preuve,Noun,3 dias atrás,
croissance,Noun,3 dias atrás,
quantité,Noun,3 dias atrás,
destin,Noun,3 dias atrás,
ouvrage,Noun,3 dias atrás,
génie,Noun,3 dias atrás,
fils,Noun,3 dias atrás,
encore,Adverb,3 dias atrás,
maintenant,Adverb,3 dias atrás,
renseignement,Noun,4 dias atrás,
débat,Noun,4 dias atrás,
russe,Noun,4 dias atrás,
thème,Noun,4 dias atrás,
allemand,Noun,4 dias atrás,
discussion,Noun,4 dias atrás,
mots,Noun,4 dias atrás,
parler,Verb,4 dias atrás,
chinoise,Noun,4 dias atrás,
opinion,Noun,4 dias atrás,
question,Noun,4 dias atrás,
réponse,Noun,4 dias atrás,
questions,Noun,4 dias atrás,
japonaise,Noun,4 dias atrás,
livre,Noun,4 dias atrás,
non,Adverb,4 dias atrás,
moi,Pronoun,4 dias atrás,
avis,Noun,4 dias atrás,
propos,Noun,4 dias atrás,
décrire,Verb,4 dias atrás,
au,Preposition,4 dias atrás,
qu',,4 dias atrás,
remplir,Verb,4 dias atrás,
froid,Adjective,4 dias atrás,
vérifier,Verb,4 dias atrás,
fermer,Verb,4 dias atrás,
organiser,Verb,4 dias atrás,
temps,Noun,4 dias atrás,
puis,Adverb,4 dias atrás,
subir,Verb,4 dias atrás,
protéger,Verb,4 dias atrás,
agir,Verb,4 dias atrás,
projets,Noun,4 dias atrás,
critique,Noun,4 dias atrás,
chapitre,Noun,4 dias atrás,
principes,Noun,4 dias atrás,
acte,Noun,4 dias atrás,
ressources,Noun,4 dias atrás,
modèle,Noun,4 dias atrás,
en,Pronoun,4 dias atrás,
aujourd'hui,Adverb,4 dias atrás,
progrès,Noun,4 dias atrás,
riche,Adjective,4 dias atrás,
cris,Noun,4 dias atrás,
commentaires,Noun,4 dias atrás,
phrase,Noun,4 dias atrás,
silence,Noun,4 dias atrás,
rencontre,Noun,4 dias atrás,
contact,Noun,4 dias atrás,
demande,Noun,4 dias atrás,
vraiment,Adverb,4 dias atrás,
fille,Noun,6 dias atrás,
avancer,Verb,6 dias atrás,
décider,Verb,6 dias atrás,
entraîner,Verb,6 dias atrás,
refuser,Verb,6 dias atrás,
m',Pronoun,6 dias atrás,
remplacer,Verb,6 dias atrás,
réfléchir,Verb,6 dias atrás,
supporter,Verb,6 dias atrás,
si,Adverb,6 dias atrás,
envoyer,Verb,1 semana atrás,
alors,Adverb,1 semana atrás,
sortir,Verb,1 semana atrás,
facile,Adjective,1 semana atrás,
dix,Numeral,1 semana atrás,
on,Pronoun,1 semana atrás,
bouger,Verb,1 semana atrás,
lettres,Noun,1 semana atrás,
entrer,Verb,1 semana atrás,
me,Pronoun,1 semana atrás,
juger,Verb,1 semana atrás,
résoudre,Verb,1 semana atrás,
réduire,Verb,1 semana atrás,
décisions,Noun,1 semana atrás,
différence,Noun,1 semana atrás,
beauté,Noun,1 semana atrás,
difficultés,Noun,1 semana atrás,
hauteur,Noun,1 semana atrás,
examens,Noun,1 semana atrás,
matériel,Noun,1 semana atrás,
décision,Noun,1 semana atrás,
examen,Noun,1 semana atrás,
notre,Determiner,1 semana atrás,
trois,Numeral,1 semana atrás,
voir,Verb,1 semana atrás,
beaucoup,Adverb,1 semana atrás,
malgré,Preposition,1 semana atrás,
finalement,Adverb,1 semana atrás,
deux,Numeral,1 semana atrás,
message,Noun,1 semana atrás,
secret,Noun,1 semana atrás,
argument,Noun,1 semana atrás,
information,Noun,1 semana atrás,
messages,Noun,1 semana atrás,
nouvelles,Noun,1 semana atrás,
langage,Noun,1 semana atrás,
informations,Noun,1 semana atrás,
nouvelle,Noun,1 semana atrás,
arguments,Noun,1 semana atrás,
appel,Noun,1 semana atrás,
savoir,Verb,1 semana atrás,
pousser,Verb,1 semana atrás,
repas,Noun,1 semana atrás,
mieux,Adverb,1 semana atrás,
rire,Verb,1 semana atrás,
légumes,Noun,1 semana atrás,
construire,Verb,1 semana atrás,
juste,Adverb,1 semana atrás,
fruits,Noun,1 semana atrás,
rencontrer,Verb,1 semana atrás,
éviter,Verb,1 semana atrás,
prévoir,Verb,1 semana atrás,
roses,Noun,1 semana atrás,
petit-déjeuner,Noun,1 semana atrás,
empêcher,Verb,1 semana atrás,
les,Pronoun,1 semana atrás,
constater,Verb,1 semana atrás,
mal,Adverb,1 semana atrás,
ici,Adverb,1 semana atrás,
que,,1 semana atrás,
victoire,Noun,1 semana atrás,
phénomène,Noun,1 semana atrás,
contrôle,Noun,1 semana atrás,
construction,Noun,1 semana atrás,
enfance,Noun,1 semana atrás,
faute,Noun,1 semana atrás,
solution,Noun,1 semana atrás,
solutions,Noun,1 semana atrás,
malheureusement,Adverb,1 semana atrás,
enfin,Adverb,1 semana atrás,
printemps,Noun,1 semana atrás,
pays,Noun,1 semana atrás,
très,Adverb,1 semana atrás,
peu,Adverb,1 semana atrás,
sous,Preposition,1 semana atrás,
france,Proper noun,1 semana atrás,
tout,Adverb,1 semana atrás,
communication,Noun,1 semana atrás,
parole,Noun,1 semana atrás,
articles,Noun,1 semana atrás,
article,Noun,1 semana atrás,
conversation,Noun,1 semana atrás,
presse,Noun,1 semana atrás,
paroles,Noun,1 semana atrás,
journal,Noun,1 semana atrás,
voix,Noun,1 semana atrás,
canard,Noun,1 semana atrás,
faire,Verb,1 semana atrás,
bouillir,Verb,1 semana atrás,
griller,Verb,1 semana atrás,
viande,Noun,1 semana atrás,
sans,Preposition,1 semana atrás,
nourriture,Noun,1 semana atrás,
qui,,1 semana atrás,
eux,Pronoun,1 semana atrás,
emmener,Verb,1 semana atrás,
comprendre,Verb,1 semana atrás,
leur,Pronoun,1 semana atrás,
jouer,Verb,1 semana atrás,
apporter,Verb,1 semana atrás,
vider,Verb,1 semana atrás,
eau,Noun,1 semana atrás,
leur,Determiner,1 semana atrás,
bœuf,Noun,1 semana atrás,
goûter,Verb,1 semana atrás,
qualité,Noun,1 semana atrás,
règles,Noun,1 semana atrás,
moyen,Noun,1 semana atrás,
règle,Noun,1 semana atrás,
forme,Noun,1 semana atrás,
condition,Noun,1 semana atrás,
conditions,Noun,1 semana atrás,
besoin,Noun,1 semana atrás,
poser,Verb,1 semana atrás,
quitter,Verb,1 semana atrás,
travailler,Verb,1 semana atrás,
boire,Verb,1 semana atrás,
gâteau,Noun,1 semana atrás,
jolie,Adjective,1 semana atrás,
mauvaise,Adjective,1 semana atrás,
aucun,Determiner,1 semana atrás,
expliquer,Verb,1 semana atrás,
termes,Noun,1 semana atrás,
assez,Adverb,1 semana atrás,
précis,Adjective,1 semana atrás,
mettre,Verb,1 semana atrás,
succès,Noun,1 semana atrás,
chance,Noun,1 semana atrás,
terme,Noun,1 semana atrás,
habitude,Noun,1 semana atrás,
création,Noun,1 semana atrás,
série,Noun,1 semana atrás,
produits,Noun,1 semana atrás,
pomme,Noun,1 semana atrás,
dîner,Noun,1 semana atrás,
cheveux,Noun,1 semana atrás,
oiseau,Noun,1 semana atrás,
membres,Noun,2 semanas atrás,
signes,Noun,2 semanas atrás,
expériences,Noun,2 semanas atrás,
occasion,Noun,2 semanas atrás,
hasard,Noun,2 semanas atrás,
résultat,Noun,2 semanas atrás,
choix,Noun,2 semanas atrás,
découvrir,Verb,2 semanas atrás,
laquelle,,2 semanas atrás,
seule,Adjective,2 semanas atrás,
pommes,Noun,2 semanas atrás,
lesquelles,,2 semanas atrás,
petite,Adjective,2 semanas atrás,
frites,Noun,2 semanas atrás,
lequel,,2 semanas atrás,
retour,Noun,2 semanas atrás,
avenir,Noun,2 semanas atrás,
attention,Noun,2 semanas atrás,
fait,Noun,2 semanas atrás,
courant,Noun,2 semanas atrás,
efforts,Noun,2 semanas atrás,
voilà,Adverb,2 semanas atrás,
créer,Verb,2 semanas atrás,
chien,Noun,2 semanas atrás,
public,Noun,2 semanas atrás,
niveaux,Noun,2 semanas atrás,
ombre,Noun,2 semanas atrás,
genre,Noun,2 semanas atrás,
évolution,Noun,2 semanas atrás,
espaces,Noun,2 semanas atrás,
niveau,Noun,2 semanas atrás,
vérité,Noun,2 semanas atrás,
que,Pronoun,2 semanas atrás,
entre,Preposition,2 semanas atrás,
citrons,Noun,2 semanas atrás,
soupe,Noun,2 semanas atrás,
qu',Pronoun,2 semanas atrás,
poisson,Noun,2 semanas atrás,
thé,Noun,2 semanas atrás,
neige,Verb,2 semanas atrás,
sujet,Noun,2 semanas atrás,
conseil,Noun,2 semanas atrás,
situation,Noun,2 semanas atrás,
importance,Noun,2 semanas atrás,
intérêts,Noun,2 semanas atrás,
images,Noun,2 semanas atrás,
image,Noun,2 semanas atrás,
intérêt,Noun,2 semanas atrás,
sourire,Noun,2 semanas atrás,
sujets,Noun,2 semanas atrás,
bref,Adverb,2 semanas atrás,
toi,Pronoun,2 semanas atrás,
joli,Adjective,2 semanas atrás,
petit,Adjective,3 semanas atrás,
chercher,Verb,3 semanas atrás,
inviter,Verb,3 semanas atrás,
poulet,Noun,3 semanas atrás,
ta,Determiner,3 semanas atrás,
chat,Noun,3 semanas atrás,
montrer,Verb,3 semanas atrás,
prendre,Verb,3 semanas atrás,
sauver,Verb,3 semanas atrás,
chaud,Adjective,3 semanas atrás,
chienne,Noun,3 semanas atrás,
bière,Noun,3 semanas atrás,
recettes,Noun,3 semanas atrás,
huile,Noun,3 semanas atrás,
froide,Adjective,3 semanas atrás,
liquide,Adjective,3 semanas atrás,
lait,Noun,3 semanas atrás,
garçon,Noun,3 semanas atrás,
ronde,Adjective,3 semanas atrás,
léger,Adjective,3 semanas atrás,
tomate,Noun,3 semanas atrás,
orange,Noun,3 semanas atrás,
crêpe,Noun,3 semanas atrás,
grosse,Adjective,3 semanas atrás,
vin,Noun,3 semanas atrás,
propre,Adjective,3 semanas atrás,
parfaite,Adjective,3 semanas atrás,
problèmes,Noun,3 semanas atrás,
type,Noun,3 semanas atrás,
mouvements,Noun,3 semanas atrás,
problème,Noun,3 semanas atrás,
bruit,Noun,3 semanas atrás,
manière,Noun,3 semanas atrás,
rapport,Noun,3 semanas atrás,
valeur,Noun,3 semanas atrás,
mouvement,Noun,3 semanas atrás,
derrière,Preposition,3 semanas atrás,
si,Conjunction,3 semanas atrás,
manger,Verb,3 semanas atrás,
mes,Determiner,3 semanas atrás,
action,Noun,3 semanas atrás,
regard,Noun,3 semanas atrás,
systèmes,Noun,3 semanas atrás,
idée,Noun,3 semanas atrás,
raison,Noun,3 semanas atrás,
rôle,Noun,3 semanas atrás,
hommes,Noun,3 semanas atrás,
jeux,Noun,3 semanas atrás,
là,Adverb,3 semanas atrás,
tard,Adverb,3 semanas atrás,
tôt,Adverb,3 semanas atrás,
oui,Adverb,3 semanas atrás,
changer,Verb,3 semanas atrás,
personne,Pronoun,3 semanas atrás,
sept,Numeral,3 semanas atrás,
coup,Noun,3 semanas atrás,
effet,Noun,3 semanas atrás,
ordres,Noun,3 semanas atrás,
ordre,Noun,3 semanas atrás,
façon,Noun,3 semanas atrás,
exemple,Noun,3 semanas atrás,
suite,Noun,3 semanas atrás,
effets,Noun,3 semanas atrás,
trop,Adverb,3 semanas atrás,
dont,,3 semanas atrás,
presque,Adverb,3 semanas atrás,
mais,Conjunction,3 semanas atrás,
vieux,Adjective,3 semanas atrás,
filles,Noun,3 semanas atrás,
noms,Noun,3 semanas atrás,
pourquoi,Adverb,3 semanas atrás,
jamais,Adverb,3 semanas atrás,
échange,Verb,3 semanas atrás,
rêve,Verb,3 semanas atrás,
quoi,Pronoun,3 semanas atrás,
aux,Preposition,3 semanas atrás,
dormir,Verb,4 semanas atrás,
penser,Verb,4 semanas atrás,
marcher,Verb,4 semanas atrás,
pouvoir,Verb,4 semanas atrás,
appeler,Verb,4 semanas atrás,
seul,Adjective,4 semanas atrás,
vendre,Verb,4 semanas atrás,
déjeuner,Verb,4 semanas atrás,
alcool,Noun,4 semanas atrás,
ensemble,Adverb,4 semanas atrás,
toujours,Adverb,4 semanas atrás,
quelqu'un,Pronoun,4 semanas atrás,
durant,Preposition,1 mês atrás,
longtemps,Adverb,1 mês atrás,
leurs,Determiner,1 mês atrás,
chez,Preposition,1 mês atrás,
depuis,Preposition,1 mês atrás,
récemment,Adverb,1 mês atrás,
marron,Adjective,1 mês atrás,
homme,Noun,1 mês atrás,
couper,Verb,1 mês atrás,
cacher,Verb,1 mês atrás,
vivre,Verb,1 mês atrás,
porter,Verb,1 mês atrás,
venir,Verb,1 mês atrás,
regarder,Verb,1 mês atrás,
fromage,Noun,1 mês atrás,
demander,Verb,1 mês atrás,
payer,Verb,1 mês atrás,
dessus,Adverb,1 mês atrás,
déjà,Adverb,1 mês atrás,
y,Pronoun,1 mês atrás,
aller,Verb,1 mês atrás,
pain,Noun,1 mês atrás,
croire,Verb,1 mês atrás,
essayer,Verb,1 mês atrás,
donner,Verb,1 mês atrás,
animaux,Noun,1 mês atrás,
garçons,Noun,1 mês atrás,
s',Pronoun,1 mês atrás,
où,Adverb,1 mês atrás,
dehors,Adverb,1 mês atrás,
intéressée,Adjective,1 mês atrás,
occupé,Adjective,1 mês atrás,
sympathique,Adjective,1 mês atrás,
intéressé,Adjective,1 mês atrás,
confortable,Adjective,1 mês atrás,
définir,Verb,1 mês atrás,
menu,Noun,1 mês atrás,
battre,Verb,1 mês atrás,
dire,Verb,1 mês atrás,
offrir,Verb,1 mês atrás,
jeter,Verb,1 mês atrás,
acheter,Verb,1 mês atrás,
écouter,Verb,1 mês atrás,
finir,Verb,1 mês atrás,
occuper,Verb,1 mês atrás,
coucher,Verb,1 mês atrás,
sucre,Noun,1 mês atrás,
ajouter,Verb,1 mês atrás,
présenter,Verb,1 mês atrás,
utiliser,Verb,1 mês atrás,
toucher,Verb,1 mês atrás,
rentrer,Verb,1 mês atrás,
tuer,Verb,1 mês atrás,
réaliser,Verb,1 mês atrás,
un,Numeral,1 mês atrás,
imaginer,Verb,1 mês atrás,
aider,Verb,1 mês atrás,
garder,Verb,1 mês atrás,
recevoir,Verb,1 mês atrás,
l',Pronoun,1 mês atrás,
gagner,Verb,1 mês atrás,
tourner,Verb,1 mês atrás,
lever,Verb,1 mês atrás,
mince,Adjective,1 mês atrás,
heureux,Adjective,1 mês atrás,
utile,Adjective,1 mês atrás,
extraordinaire,Adjective,1 mês atrás,
lente,Adjective,1 mês atrás,
intelligent,Adjective,1 mês atrás,
étrangère,Adjective,1 mês atrás,
lion,Noun,1 mês atrás,
animal,Noun,1 mês atrás,
original,Adjective,1 mês atrás,
suivante,Adjective,1 mês atrás,
curieux,Adjective,1 mês atrás,
suivants,Adjective,1 mês atrás,
rare,Adjective,1 mês atrás,
étroite,Adjective,1 mês atrás,
totale,Adjective,1 mês atrás,
étroits,Adjective,1 mês atrás,
suivantes,Adjective,1 mês atrás,
refuse,Verb,1 mês atrás,
refusons,Verb,1 mês atrás,
programmons,Verb,1 mês atrás,
quand,Conjunction,1 mês atrás,
autres,Pronoun,1 mês atrás,
baguette,Noun,1 mês atrás,
ouverte,Adjective,1 mês atrás,
délicieux,Adjective,1 mês atrás,
ouvert,Adjective,1 mês atrás,
extrême,Adjective,1 mês atrás,
capable,Adjective,1 mês atrás,
classique,Adjective,1 mês atrás,
fragile,Adjective,1 mês atrás,
délicieuse,Adjective,1 mês atrás,
délicieuses,Adjective,1 mês atrás,
ouvertes,Adjective,1 mês atrás,
lire,Verb,1 mês atrás,
avoir,Verb,1 mês atrás,
certain,Adjective,1 mês atrás,
calme,Adjective,1 mês atrás,
fois,Noun,1 mês atrás,
bientôt,Adverb,1 mês atrás,
reprendre,Verb,1 mês atrás,
partir,Verb,1 mês atrás,
revenir,Verb,1 mês atrás,
devoir,Verb,1 mês atrás,
permettre,Verb,1 mês atrás,
immense,Adjective,1 mês atrás,
publics,Adjective,1 mês atrás,
modernes,Adjective,1 mês atrás,
moderne,Adjective,1 mês atrás,
physique,Adjective,1 mês atrás,
supérieurs,Adjective,1 mês atrás,
nécessaire,Adjective,1 mês atrás,
publique,Adjective,1 mês atrás,
aussi,Adverb,1 mês atrás,
apprendre,Verb,1 mês atrás,
frais,Adjective,1 mês atrás,
petits,Adjective,1 mês atrás,
livres,Noun,1 mês atrás,
voici,Adverb,1 mês atrás,
un,Pronoun,1 mês atrás,
jusqu'à,Preposition,1 mês atrás,
jusque,Preposition,1 mês atrás,
à côté de,,1 mês atrás,
devant,Preposition,1 mês atrás,
près de,,1 mês atrás,
après,Preposition,1 mês atrás,
mauvais,Adjective,1 mês atrás,
selon,Preposition,1 mês atrás,
au-delà de,,1 mês atrás,
monter,Verb,1 mês atrás,
oublier,Verb,1 mês atrás,
arrêter,Verb,1 mês atrás,
atteindre,Verb,1 mês atrás,
sentir,Verb,1 mês atrás,
reconnaître,Verb,1 mês atrás,
montre,Noun,1 mês atrás,
rendez-vous,Noun,1 mês atrás,
demain,Adverb,1 mês atrás,
nationaux,Adjective,1 mês atrás,
pleine,Adjective,1 mês atrás,
vide,Adjective,1 mês atrás,
particulier,Adjective,1 mês atrás,
technique,Adjective,1 mês atrás,
plein,Adjective,1 mês atrás,
présents,Adjective,1 mês atrás,
double,Adjective,1 mês atrás,
présente,Adjective,1 mês atrás,
national,Adjective,1 mês atrás,
présent,Adjective,1 mês atrás,
surtout,Adverb,1 mês atrás,
journaux,Noun,1 mês atrás,
apparemment,Adverb,1 mês atrás,
lourd,Adjective,1 mês atrás,
complètement,Adverb,1 mês atrás,
chocolat,Noun,1 mês atrás,
obtenir,Verb,1 mês atrás,
arriver,Verb,1 mês atrás,
ouvrir,Verb,1 mês atrás,
plus de,,1 mês atrás,
perdre,Verb,1 mês atrás,
servir,Verb,1 mês atrás,
vouloir,Verb,1 mês atrás,
négative,Adjective,1 mês atrás,
négatives,Adjective,1 mês atrás,
professionnel,Adjective,1 mês atrás,
général,Adjective,1 mês atrás,
actuelles,Adjective,1 mês atrás,
extérieur,Adjective,1 mês atrás,
aléatoire,Adjective,1 mês atrás,
actuels,Adjective,1 mês atrás,
professionnelle,Adjective,1 mês atrás,
professionnelles,Adjective,1 mês atrás,
super,Adjective,1 mês atrás,
retrouver,Verb,1 mês atrás,
tirer,Verb,1 mês atrás,
répondre,Verb,1 mês atrás,
tomber,Verb,1 mês atrás,
rester,Verb,1 mês atrás,
suivre,Verb,1 mês atrás,
mourir,Verb,1 mês atrás,
précisément,Adverb,1 mês atrás,
auxquelles,,1 mês atrás,
auxquels,,1 mês atrás,
aucun,Pronoun,1 mês atrás,
aucune,Pronoun,1 mês atrás,
celles,Pronoun,1 mês atrás,
petites,Adjective,1 mês atrás,
souvent,Adverb,1 mês atrás,
ceux,Pronoun,1 mês atrás,
majeurs,Adjective,1 mês atrás,
international,Adjective,1 mês atrás,
majeur,Adjective,1 mês atrás,
perdu,Verb,1 mês atrás,
mondiale,Adjective,1 mês atrás,
neuf,Adjective,1 mês atrás,
internationaux,Adjective,1 mês atrás,
gratuit,Adjective,1 mês atrás,
mondial,Adjective,1 mês atrás,
positif,Adjective,1 mês atrás,
chats,Noun,1 mês atrás,
fraises,Noun,1 mês atrás,
tenir,Verb,1 mês atrás,
attendre,Verb,1 mês atrás,
devenir,Verb,1 mês atrás,
préparer,Verb,1 mês atrás,
connaître,Verb,1 mês atrás,
apparaître,Verb,1 mês atrás,
brillante,Adjective,1 mês atrás,
autre,Adjective,1 mês atrás,
brillant,Adjective,1 mês atrás,
excellente,Adjective,1 mês atrás,
excellent,Adjective,1 mês atrás,
universel,Adjective,1 mês atrás,
culturel,Adjective,1 mês atrás,
autres,Adjective,1 mês atrás,
demi,Adjective,1 mês atrás,
tout,Pronoun,1 mês atrás,
celle,Pronoun,1 mês atrás,
heureusement,Adverb,1 mês atrás,
celui,Pronoun,1 mês atrás,
laisser,Verb,1 mês atrás,
avant,Adverb,1 mês atrás,
trouver,Verb,1 mês atrás,
passer,Verb,1 mês atrás,
jus,Noun,1 mês atrás,
rendre,Verb,1 mês atrás,
entendre,Verb,1 mês atrás,
récente,Adjective,1 mês atrás,
inconnue,Adjective,1 mês atrás,
magique,Adjective,1 mês atrás,
agréable,Adjective,1 mês atrás,
prochain,Adjective,1 mês atrás,
prochaine,Adjective,1 mês atrás,
récents,Adjective,1 mês atrás,
futur,Adjective,1 mês atrás,
direct,Adjective,1 mês atrás,
europe,Proper noun,1 mês atrás,
totalement,Adverb,1 mês atrás,
envers,Preposition,1 mês atrás,
boisson,Noun,1 mês atrás,
éléphants,Noun,1 mês atrás,
allemagne,Proper noun,1 mês atrás,
est,Noun,1 mês atrás,
paris,Proper noun,1 mês atrás,
loup,Noun,1 mês atrás,
chevaux,Noun,1 mês atrás,
rasent,Verb,1 mês atrás,
manque,Verb,1 mês atrás,
œuf,Noun,1 mês atrás,
carotte,Noun,1 mês atrás,
abeille,Noun,1 mês atrás,
banane,Noun,1 mês atrás,
pardon,Noun,1 mês atrás,
poivre,Noun,1 mês atrás,
salut,Interjection,1 mês atrás,
fourmi,Noun,1 mês atrás,
serpent,Noun,1 mês atrás,
certains,Determiner,1 mês atrás,
chaque,Determiner,1 mês atrás,
gratuitement,Adverb,1 mês atrás,
pleut,Verb,1 mês atrás,
ours,Noun,1 mês atrás,
parmi,Preposition,1 mês atrás,
sauf,Preposition,1 mês atrás,
contre,Preposition,1 mês atrás,
chiens,Noun,1 mês atrás,
vache,Noun,1 mês atrás,
donc,Conjunction,1 mês atrás,
citron,Noun,1 mês atrás,
lorsque,Conjunction,1 mês atrás,
sinon,Conjunction,1 mês atrás,
inquiet,Adjective,1 mês atrás,
humour,Noun,1 mês atrás,
rêves,Noun,1 mês atrás,
confiance,Noun,1 mês atrás,
gêné,Adjective,1 mês atrás,
fatigué,Adjective,1 mês atrás,
sommeil,Noun,1 mês atrás,
haïr,Verb,1 mês atrás,
rêver,Verb,1 mês atrás,
moitié,Noun,1 mês atrás,
quatrième,Adjective,1 mês atrás,
centimètre,Noun,1 mês atrás,
demi,Noun,1 mês atrás,
kilogramme,Noun,1 mês atrás,
litre,Noun,1 mês atrás,
bonbon,Noun,1 mês atrás,
par,Preposition,1 mês atrás,
mille,Numeral,1 mês atrás,
dizaine,Noun,1 mês atrás,
kilo,Noun,1 mês atrás,
égale,Verb,1 mês atrás,
zéro,Numeral,1 mês atrás,
kilos,Noun,1 mês atrás,
double,Noun,1 mês atrás,
huit,Numeral,1 mês atrás,
canards,Noun,1 mês atrás,
treize,Numeral,1 mês atrás,
neuf,Numeral,1 mês atrás,
six,Numeral,1 mês atrás,
moins,Preposition,1 mês atrás,
honneur,Noun,1 mês atrás,
odeur,Noun,1 mês atrás,
impression,Noun,1 mês atrás,
souvenirs,Noun,1 mês atrás,
mémoire,Noun,1 mês atrás,
envie,Noun,1 mês atrás,
faim,Noun,1 mês atrás,
pleurer,Verb,1 mês atrás,
quatre-vingt-dix,Numeral,1 mês atrás,
soixante,Numeral,1 mês atrás,
soixante-dix,Numeral,1 mês atrás,
quarante,Numeral,1 mês atrás,
quatorze,Numeral,1 mês atrás,
quatre-vingts,Numeral,1 mês atrás,
seize,Numeral,1 mês atrás,
zoo,Noun,1 mês atrás,
cinquante,Numeral,1 mês atrás,
milliard,Noun,1 mês atrás,
paire,Noun,1 mês atrás,
calculs,Noun,1 mês atrás,
mètre,Noun,1 mês atrás,
bateaux,Noun,1 mês atrás,
onze,Numeral,1 mês atrás,
environ,Adverb,1 mês atrás,
dix-huit,Numeral,1 mês atrás,
émotion,Noun,1 mês atrás,
contentes,Adjective,1 mês atrás,
folies,Noun,1 mês atrás,
patience,Noun,1 mês atrás,
humeur,Noun,1 mês atrás,
souffrir,Verb,1 mês atrás,
plan,Noun,1 mês atrás,
plans,Noun,1 mês atrás,
inverse,Adjective,1 mês atrás,
quart,Noun,1 mês atrás,
minimum,Noun,1 mês atrás,
centaines,Noun,1 mês atrás,
numéro,Noun,1 mês atrás,
douze,Numeral,1 mês atrás,
tiers,Noun,1 mês atrás,
taux,Noun,1 mês atrás,
heureuse,Adjective,1 mês atrás,
horreur,Noun,1 mês atrás,
amitié,Noun,1 mês atrás,
courage,Noun,1 mês atrás,
respect,Noun,1 mês atrás,
fatigue,Noun,1 mês atrás,
douceur,Noun,1 mês atrás,
haricots,Noun,1 mês atrás,
orientation,Noun,1 mês atrás,
fin,Noun,1 mês atrás,
départ,Noun,1 mês atrás,
quand,Adverb,1 mês atrás,
sud,Noun,1 mês atrás,
nord,Noun,1 mês atrás,
vers,Preposition,1 mês atrás,
ouest,Noun,1 mês atrás,
somme,Noun,1 mês atrás,
maximum,Noun,1 mês atrás,
longueur,Noun,1 mês atrás,
tonnes,Noun,1 mês atrás,
kilomètres,Noun,1 mês atrás,
éléphant,Noun,1 mês atrás,
quinze,Numeral,1 mês atrás,
imagination,Noun,1 mês atrás,
douleur,Noun,1 mês atrás,
passion,Noun,1 mês atrás,
surprise,Noun,1 mês atrás,
passions,Noun,1 mês atrás,
tristes,Adjective,1 mês atrás,
colère,Noun,1 mês atrás,
honte,Noun,1 mês atrás,
légère,Adjective,1 mês atrás,
sortie,Noun,1 mês atrás,
direction,Noun,1 mês atrás,
extérieur,Noun,1 mês atrás,
directions,Noun,1 mês atrás,
distance,Noun,1 mês atrás,
arrivée,Noun,1 mês atrás,
panneau,Noun,1 mês atrás,
sale,Adjective,1 mês atrás,
pas,Noun,1 mês atrás,
trente,Numeral,1 mês atrás,
cent,Numeral,1 mês atrás,
million,Noun,1 mês atrás,
vingt,Numeral,1 mês atrás,
millions,Noun,1 mês atrás,
cents,Numeral,1 mês atrás,
joie,Noun,1 mês atrás,
sentiment,Noun,1 mês atrás,
désir,Noun,1 mês atrás,
espoir,Noun,1 mês atrás,
goût,Noun,1 mês atrás,
sentiments,Noun,1 mês atrás,
morale,Noun,1 mês atrás,
paix,Noun,1 mês atrás,
nombre,Noun,1 mês atrás,
chiennes,Noun,1 mês atrás,
pensée,Noun,1 mês atrás,
amour,Noun,1 mês atrás,
bonheur,Noun,1 mês atrás,
état,Noun,1 mês atrás,
plaisir,Noun,1 mês atrás,
peur,Noun,1 mês atrás,
côté,Noun,1 mês atrás,
entrée,Noun,1 mês atrás,
centre,Noun,1 mês atrás,
gauche,Noun,1 mês atrás,
intérieur,Noun,1 mês atrás,
droite,Noun,1 mês atrás,
position,Noun,1 mês atrás,
tortue,Noun,1 mês atrás,
anglaise,Noun,1 mês atrás,
invités,Noun,1 mês atrás,
client,Noun,1 mês atrás,
anglais,Noun,1 mês atrás,
humain,Noun,1 mês atrás,
invité,Noun,1 mês atrás,
humains,Noun,1 mês atrás,
clients,Noun,1 mês atrás,
vieux,Noun,1 mês atrás,
collègues,Noun,1 mês atrás,
copine,Noun,1 mês atrás,
européens,Noun,1 mês atrás,
collègue,Noun,1 mês atrás,
connaissances,Noun,1 mês atrás,
prisonniers,Noun,1 mês atrás,
adolescent,Noun,1 mês atrás,
prisonnier,Noun,1 mês atrás,
adolescents,Noun,1 mês atrás,
français,Noun,1 mês atrás,
témoin,Noun,1 mês atrás,
associations,Noun,1 mês atrás,
habitants,Noun,1 mês atrás,
adulte,Noun,1 mês atrás,
copain,Noun,1 mês atrás,
génération,Noun,1 mês atrás,
citoyen,Noun,1 mês atrás,
jeune,Adjective,1 mês atrás,
trouvais,Verb,1 mês atrás,
voyaient,Verb,1 mês atrás,
connaissais,Verb,1 mês atrás,
parlions,Verb,1 mês atrás,
pensait,Verb,1 mês atrás,
savais,Verb,1 mês atrás,
sentiez,Verb,1 mês atrás,
croyait,Verb,1 mês atrás,
regardait,Verb,1 mês atrás,
personne,Noun,1 mês atrás,
dame,Noun,1 mês atrás,
foule,Noun,1 mês atrás,
population,Noun,1 mês atrás,
ennemie,Noun,1 mês atrás,
voisin,Noun,1 mês atrás,
bordeaux,Proper noun,1 mês atrás,
héros,Noun,1 mês atrás,
devant,Adverb,1 mês atrás,
disions,Verb,1 mês atrás,
veniez,Verb,1 mês atrás,
avaient,Verb,1 mês atrás,
voulais,Verb,1 mês atrás,
faisiez,Verb,1 mês atrás,
étais,Verb,1 mês atrás,
allaient,Verb,1 mês atrás,
peuple,Noun,1 mês atrás,
amis,Noun,1 mês atrás,
groupes,Noun,1 mês atrás,
madame,Noun,1 mês atrás,
culture,Noun,1 mês atrás,
messieurs,Noun,1 mês atrás,
groupe,Noun,1 mês atrás,
gens,Noun,1 mês atrás,
bonjour,Interjection,1 mês atrás,
œufs,Noun,1 mês atrás,
généralement,Adverb,1 mês atrás,
nouveaux,Adjective,1 mês atrás,
plutôt,Adverb,1 mês atrás,
manteaux,Noun,1 mês atrás,
grands,Adjective,1 mês atrás,
beaux,Adjective,1 mês atrás,
oiseaux,Noun,1 mês atrás,
genoux,Noun,1 mês atrás,
dieux,Noun,1 mês atrás,
bijoux,Noun,1 mês atrás,
gâteaux,Noun,1 mês atrás,
morceaux,Noun,1 mês atrás,
raisin,Noun,1 mês atrás,
actuellement,Adverb,1 mês atrás,
travaux,Noun,1 mês atrás,
yeux,Noun,1 mês atrás,
prudente,Adjective,1 mês atrás,
normal,Adjective,1 mês atrás,
bruyantes,Adjective,1 mês atrás,
bruyant,Adjective,1 mês atrás,
tranquille,Adjective,1 mês atrás,
célibataire,Adjective,1 mês atrás,
prudent,Adjective,1 mês atrás,
ennuyeux,Adjective,1 mês atrás,
ancienne,Adjective,1 mês atrás,
vieille,Adjective,1 mês atrás,
couloir,Noun,1 mês atrás,
supermarché,Noun,1 mês atrás,
immeuble,Noun,1 mês atrás,
discothèque,Noun,1 mês atrás,
chine,Proper noun,1 mês atrás,
brésil,Proper noun,1 mês atrás,
terrible,Adjective,1 mês atrás,
magnifique,Adjective,1 mês atrás,
incroyable,Adjective,1 mês atrás,
indépendant,Adjective,1 mês atrás,
cru,Adjective,1 mês atrás,
indépendante,Adjective,1 mês atrás,
possible,Adjective,1 mês atrás,
personnels,Adjective,1 mês atrás,
personnelle,Adjective,1 mês atrás,
baleine,Noun,1 mês atrás,
boulangerie,Noun,1 mês atrás,
site,Noun,1 mês atrás,
italie,Proper noun,1 mês atrás,
angleterre,Proper noun,1 mês atrás,
espagne,Proper noun,1 mês atrás,
asie,Proper noun,1 mês atrás,
afrique,Proper noun,1 mês atrás,
amoureuse,Adjective,1 mês atrás,
toutes,Determiner,1 mês atrás,
tous,Determiner,1 mês atrás,
toute,Determiner,1 mês atrás,
bizarre,Adjective,1 mês atrás,
amoureux,Adjective,1 mês atrás,
spéciales,Adjective,1 mês atrás,
âgée,Adjective,1 mês atrás,
âgés,Adjective,1 mês atrás,
sages,Adjective,1 mês atrás,
tout,Determiner,1 mês atrás,
sage,Adjective,1 mês atrás,
spéciaux,Adjective,1 mês atrás,
cochon,Noun,1 mês atrás,
gras,Adjective,1 mês atrás,
draps,Noun,1 mês atrás,
brosse,Noun,1 mês atrás,
feuille,Noun,1 mês atrás,
enveloppe,Noun,1 mês atrás,
plateau,Noun,1 mês atrás,
drap,Noun,1 mês atrás,
feuilles,Noun,1 mês atrás,
poubelle,Noun,1 mês atrás,
pont,Noun,1 mês atrás,
désert,Noun,1 mês atrás,
banque,Noun,1 mês atrás,
restaurant,Noun,1 mês atrás,
états-unis,Proper noun,1 mês atrás,
tribunal,Noun,1 mês atrás,
banlieue,Noun,1 mês atrás,
amérique,Proper noun,1 mês atrás,
haut,Adjective,1 mês atrás,
locale,Adjective,1 mês atrás,
mariée,Verb,1 mês atrás,
juste,Adjective,1 mês atrás,
dangereux,Adjective,1 mês atrás,
tel,Adjective,1 mês atrás,
marié,Verb,1 mês atrás,
fausse,Adjective,1 mês atrás,
telle,Adjective,1 mês atrás,
haute,Adjective,1 mês atrás,
voiture,Noun,1 mês atrás,
dictionnaire,Noun,1 mês atrás,
euro,Noun,1 mês atrás,
chargeur,Noun,1 mês atrás,
dictionnaires,Noun,1 mês atrás,
euros,Noun,1 mês atrás,
stylo,Noun,1 mês atrás,
magazine,Noun,1 mês atrás,
robot,Noun,1 mês atrás,
toilettes,Noun,1 mês atrás,
frontière,Noun,1 mês atrás,
boutique,Noun,1 mês atrás,
bâtiments,Noun,1 mês atrás,
bâtiment,Noun,1 mês atrás,
parc,Noun,1 mês atrás,
bain,Noun,1 mês atrás,
cave,Noun,1 mês atrás,
appartement,Noun,1 mês atrás,
bar,Noun,1 mês atrás,
prison,Noun,1 mês atrás,
étage,Noun,1 mês atrás,
magasin,Noun,1 mês atrás,
adresse,Noun,1 mês atrás,
plage,Noun,1 mês atrás,
baguettes,Noun,1 mês atrás,
relative,Adjective,2 meses atrás,
puissant,Adjective,2 meses atrás,
secret,Adjective,2 meses atrás,
secrets,Adjective,2 meses atrás,
sauvage,Adjective,2 meses atrás,
efficace,Adjective,2 meses atrás,
précieux,Adjective,2 meses atrás,
clavier,Noun,2 meses atrás,
drapeau,Noun,2 meses atrás,
adaptateur,Noun,2 meses atrás,
valise,Noun,2 meses atrás,
ordinateur,Noun,2 meses atrás,
albums,Noun,2 meses atrás,
album,Noun,2 meses atrás,
trésor,Noun,2 meses atrás,
quartier,Noun,2 meses atrás,
zone,Noun,2 meses atrás,
zones,Noun,2 meses atrás,
propriété,Noun,2 meses atrás,
trou,Noun,2 meses atrás,
château,Noun,2 meses atrás,
salon,Noun,2 meses atrás,
territoire,Noun,2 meses atrás,
relativement,Adverb,2 meses atrás,
intéressant,Adjective,2 meses atrás,
célèbre,Adjective,2 meses atrás,
vivant,Adjective,2 meses atrás,
responsable,Adjective,2 meses atrás,
fermé,Adjective,2 meses atrás,
dégoûtante,Adjective,2 meses atrás,
principale,Adjective,2 meses atrás,
fine,Adjective,2 meses atrás,
vivante,Adjective,2 meses atrás,
fin,Adjective,2 meses atrás,
poudre,Noun,2 meses atrás,
dollars,Noun,2 meses atrás,
clés,Noun,2 meses atrás,
écran,Noun,2 meses atrás,
clé,Noun,2 meses atrás,
colonne,Noun,2 meses atrás,
cadeau,Noun,2 meses atrás,
billet,Noun,2 meses atrás,
cadeaux,Noun,2 meses atrás,
port,Noun,2 meses atrás,
île,Noun,2 meses atrás,
hôtel,Noun,2 meses atrás,
côte,Noun,2 meses atrás,
entreprise,Noun,2 meses atrás,
village,Noun,2 meses atrás,
région,Noun,2 meses atrás,
loin,Adverb,2 meses atrás,
libre,Adjective,2 meses atrás,
populaires,Adjective,2 meses atrás,
complet,Adjective,2 meses atrás,
populaire,Adjective,2 meses atrás,
égal,Adjective,2 meses atrás,
solide,Adjective,2 meses atrás,
linge,Noun,2 meses atrás,
disque,Noun,2 meses atrás,
photos,Noun,2 meses atrás,
lunettes,Noun,2 meses atrás,
photo,Noun,2 meses atrás,
parfum,Noun,2 meses atrás,
roue,Noun,2 meses atrás,
dossier,Noun,2 meses atrás,
jardin,Noun,2 meses atrás,
tours,Noun,2 meses atrás,
milieu,Noun,2 meses atrás,
tour,Noun,2 meses atrás,
route,Noun,2 meses atrás,
bord,Noun,2 meses atrás,
coin,Noun,2 meses atrás,
chatte,Noun,2 meses atrás,
café,Noun,2 meses atrás,
bas,Adverb,2 meses atrás,
inutile,Adjective,2 meses atrás,
profonde,Adjective,2 meses atrás,
profond,Adjective,2 meses atrás,
pire,Adjective,2 meses atrás,
fixe,Adjective,2 meses atrás,
indispensable,Adjective,2 meses atrás,
inutiles,Adjective,2 meses atrás,
araignée,Noun,2 meses atrás,
cartes,Noun,2 meses atrás,
carte,Noun,2 meses atrás,
caisse,Noun,2 meses atrás,
documents,Noun,2 meses atrás,
cadres,Noun,2 meses atrás,
cadre,Noun,2 meses atrás,
pages,Noun,2 meses atrás,
radio,Noun,2 meses atrás,
équipement,Noun,2 meses atrás,
grandes,Adjective,2 meses atrás,
place,Noun,2 meses atrás,
lieu,Noun,2 meses atrás,
rue,Noun,2 meses atrás,
villes,Noun,2 meses atrás,
chambre,Noun,2 meses atrás,
terre,Noun,2 meses atrás,
réel,Adjective,2 meses atrás,
meilleur,Adjective,2 meses atrás,
historique,Adjective,2 meses atrás,
pareils,Adjective,2 meses atrás,
réels,Adjective,2 meses atrás,
logique,Adjective,2 meses atrás,
électrique,Adjective,2 meses atrás,
meilleurs,Adjective,2 meses atrás,
plat,Adjective,2 meses atrás,
arme,Noun,2 meses atrás,
pièce,Noun,2 meses atrás,
boîtes,Noun,2 meses atrás,
objet,Noun,2 meses atrás,
choses,Noun,2 meses atrás,
armes,Noun,2 meses atrás,
boîte,Noun,2 meses atrás,
fil,Noun,2 meses atrás,
pièces,Noun,2 meses atrás,
croix,Noun,2 meses atrás,
plafond,Noun,2 meses atrás,
chauffage,Noun,2 meses atrás,
shampoing,Noun,2 meses atrás,
savon,Noun,2 meses atrás,
nettoie,Verb,2 meses atrás,
insecte,Noun,2 meses atrás,
nettoyer,Verb,2 meses atrás,
horloge,Noun,2 meses atrás,
couvertures,Noun,2 meses atrás,
rideaux,Noun,2 meses atrás,
baignoire,Noun,2 meses atrás,
couverture,Noun,2 meses atrás,
serviette,Noun,2 meses atrás,
rideau,Noun,2 meses atrás,
outils,Noun,2 meses atrás,
réfrigérateur,Noun,2 meses atrás,
douche,Noun,2 meses atrás,
escalier,Noun,2 meses atrás,
balcon,Noun,2 meses atrás,
oreiller,Noun,2 meses atrás,
escaliers,Noun,2 meses atrás,
piscine,Noun,2 meses atrás,
bureau,Noun,2 meses atrás,
porte,Noun,2 meses atrás,
bureaux,Noun,2 meses atrás,
meuble,Noun,2 meses atrás,
meubles,Noun,2 meses atrás,
mur,Noun,2 meses atrás,
toit,Noun,2 meses atrás,
four,Noun,2 meses atrás,
tapis,Noun,2 meses atrás,
lampe,Noun,2 meses atrás,
cuisine,Noun,2 meses atrás,
miroir,Noun,2 meses atrás,
canapé,Noun,2 meses atrás,
fenêtre,Noun,2 meses atrás,
éponge,Noun,2 meses atrás,
berceau,Noun,2 meses atrás,
télévision,Noun,2 meses atrás,
téléphone,Noun,2 meses atrás,
tasse,Noun,2 meses atrás,
fourchette,Noun,2 meses atrás,
verre,Noun,2 meses atrás,
bol,Noun,2 meses atrás,
bouteille,Noun,2 meses atrás,
cuillère,Noun,2 meses atrás,
assiettes,Noun,2 meses atrás,
table,Noun,2 meses atrás,
maison,Noun,2 meses atrás,
chaise,Noun,2 meses atrás,
couteau,Noun,2 meses atrás,
lit,Noun,2 meses atrás,
debout,Adverb,2 meses atrás,
quasiment,Adverb,2 meses atrás,
franchement,Adverb,2 meses atrás,
simplement,Adverb,2 meses atrás,
même,Adverb,2 meses atrás,
derrière,Adverb,2 meses atrás,
depuis,Adverb,2 meses atrás,
lentement,Adverb,2 meses atrás,
normalement,Adverb,2 meses atrás,
fréquemment,Adverb,2 meses atrás,
effectivement,Adverb,2 meses atrás,
principalement,Adverb,2 meses atrás,
fortement,Adverb,2 meses atrás,
uniquement,Adverb,2 meses atrás,
définitivement,Adverb,2 meses atrás,
suffisamment,Adverb,2 meses atrás,
rarement,Adverb,2 meses atrás,
réellement,Adverb,2 meses atrás,
chaude,Adjective,2 meses atrás,
légèrement,Adverb,2 meses atrás,
extrêmement,Adverb,2 meses atrás,
probablement,Adverb,2 meses atrás,
facilement,Adverb,2 meses atrás,
sûrement,Adverb,2 meses atrás,
parfois,Adverb,2 meses atrás,
dedans,Adverb,2 meses atrás,
absolument,Adverb,2 meses atrás,
entièrement,Adverb,2 meses atrás,
certainement,Adverb,2 meses atrás,
immédiatement,Adverb,2 meses atrás,
ni,Conjunction,2 meses atrás,
parfait,Adjective,2 meses atrás,
sel,Noun,2 meses atrás,
directement,Adverb,2 meses atrás,
autrement,Adverb,2 meses atrás,
naturellement,Adverb,2 meses atrás,
parfaitement,Adverb,2 meses atrás,
dessous,Adverb,2 meses atrás,
sandwichs,Noun,2 meses atrás,
davantage,Adverb,2 meses atrás,
postérieurement,Adverb,2 meses atrás,
évidemment,Adverb,2 meses atrás,
rapidement,Adverb,2 meses atrás,
exactement,Adverb,2 meses atrás,
lors,Adverb,2 meses atrás,
particulièrement,Adverb,2 meses atrás,
notamment,Adverb,2 meses atrás,
partout,Adverb,2 meses atrás,
tellement,Adverb,2 meses atrás,
ensuite,Adverb,2 meses atrás,
vite,Adverb,2 meses atrás,
cependant,Conjunction,2 meses atrás,
autant,Adverb,2 meses atrás,
chauffeur,Noun,2 meses atrás,
serveuse,Noun,2 meses atrás,
serveur,Noun,2 meses atrás,
policiers,Noun,2 meses atrás,
cuisinier,Noun,2 meses atrás,
cuisinière,Noun,2 meses atrás,
pourtant,Adverb,2 meses atrás,
autour,Adverb,2 meses atrás,
ailleurs,Adverb,2 meses atrás,
tant,Adverb,2 meses atrás,
près,Adverb,2 meses atrás,
ci,Adverb,2 meses atrás,
poissons,Noun,2 meses atrás,
chef,Noun,2 meses atrás,
retraite,Noun,2 meses atrás,
journaliste,Noun,2 meses atrás,
enseignante,Noun,2 meses atrás,
avocate,Noun,2 meses atrás,
ingénieur,Noun,2 meses atrás,
personnel,Noun,2 meses atrás,
soldat,Noun,2 meses atrás,
professeur,Noun,2 meses atrás,
princesse,Noun,2 meses atrás,
carrière,Noun,2 meses atrás,
docteur,Noun,2 meses atrás,
secrétaire,Noun,2 meses atrás,
juge,Noun,2 meses atrás,
crêpes,Noun,2 meses atrás,
ainsi,Adverb,2 meses atrás,
car,Conjunction,2 meses atrás,
auteur,Noun,2 meses atrás,
emploi,Noun,2 meses atrás,
éducation,Noun,2 meses atrás,
roi,Noun,2 meses atrás,
métier,Noun,2 meses atrás,
police,Noun,2 meses atrás,
travail,Noun,2 meses atrás,
verres,Noun,2 meses atrás,
lesquels,,2 meses atrás,
jeudi,Noun,2 meses atrás,
date,Noun,2 meses atrás,
minuit,Noun,2 meses atrás,
été,Noun,2 meses atrás,
mardi,Noun,2 meses atrás,
mercredi,Noun,2 meses atrás,
calendrier,Noun,2 meses atrás,
samedis,Noun,2 meses atrás,
février,Noun,2 meses atrás,
demie,Noun,2 meses atrás,
samedi,Noun,2 meses atrás,
anniversaire,Noun,2 meses atrás,
demi-heure,Noun,2 meses atrás,
lundi,Noun,2 meses atrás,
avril,Noun,2 meses atrás,
novembre,Noun,2 meses atrás,
décembre,Noun,2 meses atrás,
soirée,Noun,2 meses atrás,
automne,Noun,2 meses atrás,
vendredi,Noun,2 meses atrás,
janvier,Noun,2 meses atrás,
secondes,Noun,2 meses atrás,
août,Noun,2 meses atrás,
septembre,Noun,2 meses atrás,
saison,Noun,2 meses atrás,
seconde,Noun,2 meses atrás,
juillet,Noun,2 meses atrás,
octobre,Noun,2 meses atrás,
juin,Noun,2 meses atrás,
vacances,Noun,2 meses atrás,
dimanche,Noun,2 meses atrás,
fêtes,Noun,2 meses atrás,
mai,Noun,2 meses atrás,
nuit,Noun,2 meses atrás,
durée,Noun,2 meses atrás,
hiver,Noun,2 meses atrás,
jeunesse,Noun,2 meses atrás,
semaine,Noun,2 meses atrás,
naissance,Noun,2 meses atrás,
minute,Noun,2 meses atrás,
époque,Noun,2 meses atrás,
début,Noun,2 meses atrás,
midi,Noun,2 meses atrás,
période,Noun,2 meses atrás,
journée,Noun,2 meses atrás,
siècles,Noun,2 meses atrás,
année,Noun,2 meses atrás,
soir,Noun,2 meses atrás,
matins,Noun,2 meses atrás,
années,Noun,2 meses atrás,
matin,Noun,2 meses atrás,
siècle,Noun,2 meses atrás,
neveu,Noun,2 meses atrás,
mariage,Noun,2 meses atrás,
oncle,Noun,2 meses atrás,
parents,Noun,2 meses atrás,
tante,Noun,2 meses atrás,
petit-fils,Noun,2 meses atrás,
grand-mère,Noun,2 meses atrás,
prénom,Noun,2 meses atrás,
cousins,Noun,2 meses atrás,
couple,Noun,2 meses atrás,
bébés,Noun,2 meses atrás,
frère,Noun,2 meses atrás,
sœur,Noun,2 meses atrás,
maman,Noun,2 meses atrás,
papa,Noun,2 meses atrás,
mari,Noun,2 meses atrás,
bébé,Noun,2 meses atrás,
frères,Noun,2 meses atrás,
an,Noun,2 meses atrás,
moment,Noun,2 meses atrás,
ans,Noun,2 meses atrás,
jour,Noun,2 meses atrás,
heures,Noun,2 meses atrás,
jours,Noun,2 meses atrás,
requin,Noun,2 meses atrás,
père,Noun,2 meses atrás,
famille,Noun,2 meses atrás,
enfants,Noun,2 meses atrás,
mère,Noun,2 meses atrás,
enfant,Noun,2 meses atrás,
blonde,Adjective,2 meses atrás,
femme,Noun,2 meses atrás,
entends,Verb,2 meses atrás,
pose,Verb,2 meses atrás,
ferme,Verb,2 meses atrás,
ajoute,Verb,2 meses atrás,
vis,Verb,2 meses atrás,
saisis,Verb,2 meses atrás,
souhaite,Verb,2 meses atrás,
concerne,Verb,2 meses atrás,
faut,Verb,2 meses atrás,
devient,Verb,2 meses atrás,
voulons,Verb,2 meses atrás,
devez,Verb,2 meses atrás,
cassent,Verb,2 meses atrás,
dois,Verb,2 meses atrás,
doit,Verb,2 meses atrás,
utilise,Verb,2 meses atrás,
motive,Verb,2 meses atrás,
vaut,Verb,2 meses atrás,
enfuit,Verb,2 meses atrás,
enfuis,Verb,2 meses atrás,
venez,Verb,2 meses atrás,
utilisons,Verb,2 meses atrás,
travaille,Verb,2 meses atrás,
intéresse,Verb,2 meses atrás,
rases,Verb,2 meses atrás,
sens,Verb,2 meses atrás,
sortez,Verb,2 meses atrás,
sert,Verb,2 meses atrás,
sort,Verb,2 meses atrás,
signifie,Verb,2 meses atrás,
tourne,Verb,2 meses atrás,
suppose,Verb,2 meses atrás,
tombe,Verb,2 meses atrás,
reviens,Verb,2 meses atrás,
reste,Verb,2 meses atrás,
semblent,Verb,2 meses atrás,
retourne,Verb,2 meses atrás,
ressemble,Verb,2 meses atrás,
rêvons,Verb,2 meses atrás,
réserve,Verb,2 meses atrás,
revient,Verb,2 meses atrás,
répondons,Verb,2 meses atrás,
repose,Verb,2 meses atrás,
rend,Verb,2 meses atrás,
remarque,Verb,2 meses atrás,
répond,Verb,2 meses atrás,
rentre,Verb,2 meses atrás,
représente,Verb,2 meses atrás,
refusent,Verb,2 meses atrás,
refusez,Verb,2 meses atrás,
promenez,Verb,2 meses atrás,
présente,Verb,2 meses atrás,
plaisez,Verb,2 meses atrás,
présentent,Verb,2 meses atrás,
programme,Verb,2 meses atrás,
plante,Verb,2 meses atrás,
plaît,Verb,2 meses atrás,
préfère,Verb,2 meses atrás,
reçoit,Verb,2 meses atrás,
pèse,Verb,2 meses atrás,
mentons,Verb,2 meses atrás,
pense,Verb,2 meses atrás,
manques,Verb,2 meses atrás,
passe,Verb,2 meses atrás,
passes,Verb,2 meses atrás,
part,Verb,2 meses atrás,
lèvent,Verb,2 meses atrás,
ment,Verb,2 meses atrás,
lève,Verb,2 meses atrás,
existe,Verb,2 meses atrás,
importent,Verb,2 meses atrás,
explique,Verb,2 meses atrás,
jouent,Verb,2 meses atrás,
importe,Verb,2 meses atrás,
habite,Verb,2 meses atrás,
laisse,Verb,2 meses atrás,
essaie,Verb,2 meses atrás,
joue,Verb,2 meses atrás,
femmes,Noun,2 meses atrás,
descend,Verb,2 meses atrás,
doute,Verb,2 meses atrás,
dois,Verb,2 meses atrás,
dirigeons,Verb,2 meses atrás,
écoute,Verb,2 meses atrás,
dirige,Verb,2 meses atrás,
dure,Verb,2 meses atrás,
consiste,Verb,2 meses atrás,
combattent,Verb,2 meses atrás,
coûte,Verb,2 meses atrás,
démontre,Verb,2 meses atrás,
demande,Verb,2 meses atrás,
continue,Verb,2 meses atrás,
dépend,Verb,2 meses atrás,
charge,Verb,2 meses atrás,
affirme,Verb,2 meses atrás,
branche,Verb,2 meses atrás,
bronze,Verb,2 meses atrás,
allume,Verb,2 meses atrás,
arrive,Verb,2 meses atrás,
appartient,Verb,2 meses atrás,
arrivent,Verb,2 meses atrás,
autant de,,2 meses atrás,
à cause de,,2 meses atrás,
d'après,Preposition,2 meses atrás,
où,,2 meses atrás,
tard,Adjective,2 meses atrás,
bas,Adjective,2 meses atrás,
singe,Noun,2 meses atrás,
différents,Adjective,2 meses atrás,
anglaise,Adjective,2 meses atrás,
fou,Adjective,2 meses atrás,
différent,Adjective,2 meses atrás,
entier,Adjective,2 meses atrás,
jeunes,Adjective,2 meses atrás,
tigre,Noun,2 meses atrás,
mouche,Noun,2 meses atrás,
bel,Adjective,2 meses atrás,
bien,Adjective,2 meses atrás,
cette,Determiner,2 meses atrás,
sandwich,Noun,2 meses atrás,
oignon,Noun,2 meses atrás,
nombreux,Adjective,2 meses atrás,
souris,Noun,2 meses atrás,
papillon,Noun,2 meses atrás,
dauphin,Noun,2 meses atrás,
génial,Adjective,2 meses atrás,
sensible,Adjective,2 meses atrás,
pure,Adjective,2 meses atrás,
douce,Adjective,2 meses atrás,
prêt,Adjective,2 meses atrás,
sérieux,Adjective,2 meses atrás,
gentille,Adjective,2 meses atrás,
gentil,Adjective,2 meses atrás,
sèche,Adjective,2 meses atrás,
nu,Adjective,2 meses atrás,
européen,Adjective,2 meses atrás,
sympa,Adjective,2 meses atrás,
chinoise,Adjective,2 meses atrás,
européens,Adjective,2 meses atrás,
anglais,Adjective,2 meses atrás,
africaine,Adjective,2 meses atrás,
bête,Adjective,2 meses atrás,
méchant,Adjective,2 meses atrás,
nul,Adjective,2 meses atrás,
japonais,Adjective,2 meses atrás,
drôle,Adjective,2 meses atrás,
laid,Adjective,2 meses atrás,
énorme,Adjective,2 meses atrás,
sombre,Adjective,2 meses atrás,
fous,Adjective,2 meses atrás,
grave,Adjective,2 meses atrás,
dur,Adjective,2 meses atrás,
entière,Adjective,2 meses atrás,
dure,Adjective,2 meses atrás,
étrange,Adjective,2 meses atrás,
naturel,Adjective,2 meses atrás,
faible,Adjective,2 meses atrás,
claire,Adjective,2 meses atrás,
chère,Adjective,2 meses atrás,
rapide,Adjective,2 meses atrás,
franc,Adjective,2 meses atrás,
courte,Adjective,2 meses atrás,
forte,Adjective,2 meses atrás,
fort,Adjective,2 meses atrás,
différentes,Adjective,2 meses atrás,
troisième,Adjective,2 meses atrás,
deuxième,Adjective,2 meses atrás,
importants,Adjective,2 meses atrás,
impossible,Adjective,2 meses atrás,
malades,Adjective,2 meses atrás,
difficile,Adjective,2 meses atrás,
pauvre,Adjective,2 meses atrás,
français,Adjective,2 meses atrás,
chapeau,Noun,2 meses atrás,
moyen,Adjective,3 meses atrás,
sûr,Adjective,3 meses atrás,
dernières,Adjective,3 meses atrás,
belles,Adjective,3 meses atrás,
beau,Adjective,3 meses atrás,
quel,Adjective,3 meses atrás,
bonnes,Adjective,3 meses atrás,
premier,Adjective,3 meses atrás,
même,Adjective,3 meses atrás,
vraie,Adjective,3 meses atrás,
longue,Adjective,3 meses atrás,
vrai,Adjective,3 meses atrás,
morte,Adjective,3 meses atrás,
long,Adjective,3 meses atrás,
ce,Determiner,3 meses atrás,
orange,Adjective,3 meses atrás,
regardons,Verb,3 meses atrás,
regarde,Verb,3 meses atrás,
visite,Verb,3 meses atrás,
dort,Verb,3 meses atrás,
dormons,Verb,3 meses atrás,
améliore,Verb,3 meses atrás,
nouvelle,Adjective,3 meses atrás,
suit,Verb,3 meses atrás,
termine,Verb,3 meses atrás,
vend,Verb,3 meses atrás,
trouvent,Verb,3 meses atrás,
voit,Verb,3 meses atrás,
veux,Verb,3 meses atrás,
voulons,Verb,3 meses atrás,
propose,Verb,3 meses atrás,
tiens,Verb,3 meses atrás,
portes,Verb,3 meses atrás,
prend,Verb,3 meses atrás,
possède,Verb,3 meses atrás,
bon,Adjective,3 meses atrás,
offres,Verb,3 meses atrás,
perd,Verb,3 meses atrás,
ouvre,Verb,3 meses atrás,
photographies,Verb,3 meses atrás,
lave,Verb,3 meses atrás,
meurt,Verb,3 meses atrás,
mettent,Verb,3 meses atrás,
montre,Verb,3 meses atrás,
caches,Verb,3 meses atrás,
mérite,Verb,3 meses atrás,
marche,Verb,3 meses atrás,
montres,Verb,3 meses atrás,
cache,Verb,3 meses atrás,
gagne,Verb,3 meses atrás,
lance,Verb,3 meses atrás,
entre,Verb,3 meses atrás,
finit,Verb,3 meses atrás,
donne,Verb,3 meses atrás,
disent,Verb,3 meses atrás,
contient,Verb,3 meses atrás,
agis,Verb,3 meses atrás,
crois,Verb,3 meses atrás,
respecte,Verb,3 meses atrás,
coupe,Verb,3 meses atrás,
court,Verb,3 meses atrás,
cuisine,Verb,3 meses atrás,
quelle,Adjective,3 meses atrás,
quelles,Adjective,3 meses atrás,
ai,Verb,3 meses atrás,
as,Verb,3 meses atrás,
apprenons,Verb,3 meses atrás,
cherche,Verb,3 meses atrás,
connais,Verb,3 meses atrás,
commande,Verb,3 meses atrás,
attend,Verb,3 meses atrás,
commence,Verb,3 meses atrás,
aide,Verb,3 meses atrás,
adore,Verb,3 meses atrás,
faites,Verb,3 meses atrás,
vais,Verb,3 meses atrás,
appelle,Verb,3 meses atrás,
apporte,Verb,3 meses atrás,
achètent,Verb,3 meses atrás,
peux,Verb,3 meses atrás,
comprenez,Verb,3 meses atrás,
sait,Verb,3 meses atrás,
comprends,Verb,3 meses atrás,
pouvons,Verb,3 meses atrás,
boivent,Verb,3 meses atrás,
parlons,Verb,3 meses atrás,
écrivons,Verb,3 meses atrás,
porc,Noun,3 meses atrás,
a,Verb,3 meses atrás,
lit,Verb,3 meses atrás,
mange,Verb,3 meses atrás,
êtes,Verb,3 meses atrás,
lisons,Verb,3 meses atrás,
grosses,Adjective,3 meses atrás,
lisent,Verb,3 meses atrás,
bois,Verb,3 meses atrás,
écrivent,Verb,3 meses atrás,
est,Verb,3 meses atrás,
manges,Verb,3 meses atrás,
grise,Adjective,3 meses atrás,
roses,Adjective,3 meses atrás,
violet,Adjective,3 meses atrás,
rouge,Noun,3 meses atrás,
vert,Noun,3 meses atrás,
sont,Verb,3 meses atrás,
couleur,Noun,3 meses atrás,
blanc,Adjective,3 meses atrás,
bleus,Adjective,3 meses atrás,
jaune,Adjective,3 meses atrás,
verte,Adjective,3 meses atrás,
bleues,Adjective,3 meses atrás,
blanche,Adjective,3 meses atrás,
noir,Adjective,3 meses atrás,
rouge,Adjective,3 meses atrás,
avons,Verb,3 meses atrás,
veste,Noun,3 meses atrás,
gant,Noun,3 meses atrás,
parapluie,Noun,3 meses atrás,
jean,Noun,3 meses atrás,
chaussettes,Noun,3 meses atrás,
chemises,Noun,3 meses atrás,
manteau,Noun,3 meses atrás,
botte,Noun,3 meses atrás,
costume,Noun,3 meses atrás,
jupe,Noun,3 meses atrás,
portefeuille,Noun,3 meses atrás,
chemise,Noun,3 meses atrás,
chapeaux,Noun,3 meses atrás,
pantalon,Noun,3 meses atrás,
chaussure,Noun,3 meses atrás,
poche,Noun,3 meses atrás,
poches,Noun,3 meses atrás,
vêtements,Noun,3 meses atrás,
ceinture,Noun,3 meses atrás,
sac,Noun,3 meses atrás,
robes,Noun,3 meses atrás,
avez,Verb,3 meses atrás,
noire,Adjective,3 meses atrás,
seules,Adjective,3 meses atrás,
bons,Adjective,3 meses atrás,
seuls,Adjective,3 meses atrás,
sommes,Verb,3 meses atrás,
suis,Verb,3 meses atrás,
aime,Verb,3 meses atrás,
nouveau,Adjective,3 meses atrás,
es,Verb,3 meses atrás,
robe,Noun,3 meses atrás,
mangez,Verb,3 meses atrás,
bonne,Adjective,3 meses atrás,
mangeons,Verb,3 meses atrás,
va,Verb,3 meses atrás,
calmes,Adjective,3 meses atrás,
écris,Verb,3 meses atrás,
rouges,Adjective,3 meses atrás,
riches,Adjective,3 meses atrás,
aimons,Verb,4 meses atrás,
